split,domain,phrase_type,system,n_gold_occurrences,gold_occurrence_seed_cells,recovered_seed_cells,recovery_rate_percent,recovery_ci_lower_percent,recovery_ci_upper_percent,minimum_n_met,delta_vs_text_pp,delta_ci_lower_pp,delta_ci_upper_pp
test,IEEE,Modifier-noun phrase,TEXT,105,315,95,30.158730158730158,22.448979591836736,38.095238095238095,1,0.0,0.0,0.0
test,IEEE,Modifier-noun phrase,CogAlign,105,315,117,37.142857142857146,29.411764705882355,45.370370370370374,1,6.984126984126984,2.536231884057971,11.827956989247312
test,IEEE,Modifier-noun phrase,ET-ATT,105,315,123,39.04761904761905,31.11064425770308,47.191176958006025,1,8.88888888888889,4.313725490196078,13.939393939393941
test,IEEE,Noun compound,TEXT,194,582,163,28.006872852233677,22.33051511964724,34.074074074074076,1,0.0,0.0,0.0
test,IEEE,Noun compound,CogAlign,194,582,188,32.302405498281786,26.375404530744333,38.50597046036567,1,4.29553264604811,1.530612244897959,7.317073170731707
test,IEEE,Noun compound,ET-ATT,194,582,189,32.47422680412371,26.22410232359137,38.83161512027492,1,4.4673539518900345,1.4814814814814816,7.624113475177305
test,IEEE,Single-word term,TEXT,62,186,18,9.67741935483871,4.165380658436215,16.091954022988507,1,0.0,0.0,0.0
test,IEEE,Single-word term,CogAlign,62,186,34,18.27956989247312,11.29032258064516,26.027397260273972,1,8.602150537634408,4.57516339869281,13.115168074184462
test,IEEE,Single-word term,ET-ATT,62,186,37,19.892473118279568,11.574074074074074,29.560002028809084,1,10.21505376344086,4.838709677419355,16.67253521126752
test,IEEE,Technical-form / other,TEXT,106,318,59,18.553459119496857,12.28028798411122,25.163565426170464,1,0.0,0.0,0.0
test,IEEE,Technical-form / other,CogAlign,106,318,75,23.58490566037736,16.507859454461393,30.977020202020192,1,5.031446540880503,1.1695906432748537,9.220016464032417
test,IEEE,Technical-form / other,ET-ATT,106,318,76,23.89937106918239,16.831683168316832,31.41025641025641,1,5.345911949685535,1.3774104683195594,9.411764705882353
test,LIS,Single-word term,TEXT,171,513,127,24.756335282651072,18.803418803418804,30.856064397731064,1,0.0,0.0,0.0
test,LIS,Single-word term,CogAlign,171,513,157,30.60428849902534,24.723937792990554,36.53501616363032,1,5.847953216374269,2.8089394835403114,8.876811594202898
test,LIS,Single-word term,ET-ATT,171,513,122,23.78167641325536,18.181818181818183,29.583333333333332,1,-0.9746588693957114,-3.3126293995859215,1.2612612612612613
test,LIS,Noun compound,TEXT,158,474,168,35.44303797468354,28.269918819552394,43.08403849344616,1,0.0,0.0,0.0
test,LIS,Noun compound,CogAlign,158,474,198,41.77215189873418,34.91222143195827,48.85851839246717,1,6.329113924050633,2.5973377919485703,10.05586592178771
test,LIS,Noun compound,ET-ATT,158,474,181,38.18565400843882,30.85568099155056,46.009389671361504,1,2.742616033755274,0.0,5.6374892853316165
test,LIS,Modifier-noun phrase,TEXT,80,240,117,48.75,39.130434782608695,58.108108108108105,1,0.0,0.0,0.0
test,LIS,Modifier-noun phrase,CogAlign,80,240,132,55.0,45.539906103286384,64.39426040061633,1,6.25,1.4925373134328357,11.11111111111111
test,LIS,Modifier-noun phrase,ET-ATT,80,240,124,51.666666666666664,41.29339099954772,61.80631038647342,1,2.9166666666666665,-0.8888888888888888,6.810035842293908
test,LIS,Technical-form / other,TEXT,44,132,33,25.0,13.978494623655912,37.634408602150536,1,0.0,0.0,0.0
test,LIS,Technical-form / other,CogAlign,44,132,54,40.90909090909091,26.797385620915033,57.247509057971,1,15.909090909090908,8.130081300813007,25.185185185185183
test,LIS,Technical-form / other,ET-ATT,44,132,37,28.03030303030303,16.129032258064516,41.41414141414141,1,3.0303030303030303,-1.8018018018018018,9.523809523809524
test,PMC,Modifier-noun phrase,TEXT,65,195,68,34.87179487179487,23.809523809523807,45.90163934426229,1,0.0,0.0,0.0
test,PMC,Modifier-noun phrase,CogAlign,65,195,79,40.51282051282051,30.392156862745097,50.79365079365079,1,5.641025641025641,-1.3513513513513513,12.612953862953857
test,PMC,Modifier-noun phrase,ET-ATT,65,195,74,37.94871794871795,27.77777777777778,48.44545454545453,1,3.076923076923077,-3.431372549019608,9.35672514619883
test,PMC,Single-word term,TEXT,170,510,185,36.27450980392157,29.06928023905418,43.6214682243765,1,0.0,0.0,0.0
test,PMC,Single-word term,CogAlign,170,510,215,42.15686274509804,34.623273987895885,50.09861932938856,1,5.882352941176471,2.5155542030161633,9.416298206828788
test,PMC,Single-word term,ET-ATT,170,510,194,38.03921568627451,30.817518648530058,45.98555545289353,1,1.7647058823529411,-0.992063492063492,4.710594614040492
test,PMC,Noun compound,TEXT,94,282,75,26.595744680851062,18.855218855218855,35.20652451481102,1,0.0,0.0,0.0
test,PMC,Noun compound,CogAlign,94,282,102,36.170212765957444,27.71919968460477,45.42133520074697,1,9.574468085106384,5.208094418960245,14.333333333333334
test,PMC,Noun compound,ET-ATT,94,282,83,29.43262411347518,20.674532195927352,38.88888888888889,1,2.8368794326241136,-0.8549783549783547,6.784797334207362
test,PMC,Technical-form / other,TEXT,37,111,27,24.324324324324323,13.513513513513514,36.75213675213676,1,0.0,0.0,0.0
test,PMC,Technical-form / other,CogAlign,37,111,30,27.027027027027028,16.216216216216218,39.473684210526315,1,2.7027027027027026,-2.8368794326241136,8.88888888888889
test,PMC,Technical-form / other,ET-ATT,37,111,33,29.72972972972973,17.117117117117118,43.67816091954023,1,5.405405405405405,-2.2988505747126435,13.514217342342333
validation,IEEE,Single-word term,TEXT,55,165,26,15.757575757575758,8.045444870157514,24.848484848484848,1,0.0,0.0,0.0
validation,IEEE,Single-word term,CogAlign,55,165,37,22.424242424242426,12.592592592592592,33.33333333333333,1,6.666666666666667,0.6532805429864256,12.903225806451612
validation,IEEE,Single-word term,ET-ATT,55,165,39,23.636363636363637,13.767828387393605,34.69387755102041,1,7.878787878787879,2.721088435374149,13.095238095238097
validation,IEEE,Noun compound,TEXT,169,507,127,25.04930966469428,19.047619047619047,31.468567664219837,1,0.0,0.0,0.0
validation,IEEE,Noun compound,CogAlign,169,507,164,32.34714003944773,25.945445445445447,39.160871005133295,1,7.297830374753452,3.7453183520599254,11.17426979330881
validation,IEEE,Noun compound,ET-ATT,169,507,158,31.16370808678501,24.73103509393832,37.77777777777778,1,6.11439842209073,2.7083333333333335,9.619836342102428
validation,IEEE,Modifier-noun phrase,TEXT,98,294,98,33.333333333333336,25.43837041056249,41.254125412541256,1,0.0,0.0,0.0
validation,IEEE,Modifier-noun phrase,CogAlign,98,294,123,41.83673469387755,33.33333333333333,50.00389408099683,1,8.503401360544217,4.210441151422245,13.008130081300814
validation,IEEE,Modifier-noun phrase,ET-ATT,98,294,129,43.87755102040816,34.92063492063492,52.67522899243329,1,10.54421768707483,6.274412735391186,15.087719298245613
validation,IEEE,Technical-form / other,TEXT,110,330,80,24.242424242424242,17.320261437908496,31.615340558639524,1,0.0,0.0,0.0
validation,IEEE,Technical-form / other,CogAlign,110,330,103,31.21212121212121,23.635732323232325,39.39466783216782,1,6.96969696969697,4.040404040404041,10.397553516819572
validation,IEEE,Technical-form / other,ET-ATT,110,330,101,30.606060606060606,22.89812085482682,38.629628098034345,1,6.363636363636363,3.205128205128205,9.70873786407767
validation,LIS,Noun compound,TEXT,154,462,161,34.84848484848485,27.74132187938289,42.465753424657535,1,0.0,0.0,0.0
validation,LIS,Noun compound,CogAlign,154,462,212,45.887445887445885,38.666469428007886,53.380041011619966,1,11.03896103896104,6.707317073170732,15.730411985018725
validation,LIS,Noun compound,ET-ATT,154,462,172,37.22943722943723,30.416666666666664,44.24242424242424,1,2.380952380952381,-1.4675052410901468,6.122761988230871
validation,LIS,Modifier-noun phrase,TEXT,86,258,88,34.10852713178294,24.74706744868035,44.18604651162791,1,0.0,0.0,0.0
validation,LIS,Modifier-noun phrase,CogAlign,86,258,123,47.674418604651166,37.558536875259996,57.692652329749095,1,13.565891472868216,8.148148148148149,19.13613081166272
validation,LIS,Modifier-noun phrase,ET-ATT,86,258,100,38.75968992248062,28.91499330655957,49.1870905359539,1,4.651162790697675,1.550387596899225,7.723577235772358
validation,LIS,Single-word term,TEXT,184,552,178,32.2463768115942,26.33314393939394,38.71635610766045,1,0.0,0.0,0.0
validation,LIS,Single-word term,CogAlign,184,552,236,42.7536231884058,36.54188948306595,49.26779313876088,1,10.507246376811594,6.5891472868217065,14.501163177135258
validation,LIS,Single-word term,ET-ATT,184,552,177,32.06521739130435,25.87058198590381,38.7683007985803,1,-0.18115942028985507,-3.1937387850561496,2.807017543859649
validation,LIS,Technical-form / other,TEXT,40,120,51,42.5,28.757606490872206,56.25,1,0.0,0.0,0.0
validation,LIS,Technical-form / other,CogAlign,40,120,53,44.166666666666664,30.107526881720432,57.84442724458203,1,1.6666666666666667,-7.4074074074074066,10.25757575757574
validation,LIS,Technical-form / other,ET-ATT,40,120,48,40.0,27.027027027027028,53.125,1,-2.5,-8.333333333333332,2.7027027027027026
validation,PMC,Single-word term,TEXT,238,714,221,30.952380952380953,24.920148691887825,37.24697592148807,1,0.0,0.0,0.0
validation,PMC,Single-word term,CogAlign,238,714,257,35.99439775910364,29.984459537239548,42.25727275722334,1,5.042016806722689,2.4215949820788527,7.768472422791416
validation,PMC,Single-word term,ET-ATT,238,714,236,33.05322128851541,26.872956390756457,39.710144927536234,1,2.100840336134454,0.14618286983835135,4.148812704322297
validation,PMC,Modifier-noun phrase,TEXT,61,183,55,30.05464480874317,20.73989898989899,39.743589743589745,1,0.0,0.0,0.0
validation,PMC,Modifier-noun phrase,CogAlign,61,183,71,38.797814207650276,28.205128205128204,49.47916666666667,1,8.743169398907105,0.6057900432900436,16.94915254237288
validation,PMC,Modifier-noun phrase,ET-ATT,61,183,70,38.25136612021858,26.576413369891632,49.75124378109453,1,8.19672131147541,2.380952380952381,14.207650273224044
validation,PMC,Noun compound,TEXT,136,408,135,33.088235294117645,26.340081487140313,40.189125295508276,1,0.0,0.0,0.0
validation,PMC,Noun compound,CogAlign,136,408,181,44.36274509803921,37.22208737864077,51.7948717948718,1,11.27450980392157,7.246376811594203,15.503875968992247
validation,PMC,Noun compound,ET-ATT,136,408,169,41.42156862745098,34.24657534246575,49.01960784313725,1,8.333333333333334,4.411663425700859,12.598425196850393
validation,PMC,Technical-form / other,TEXT,42,126,10,7.936507936507937,1.7094017094017095,15.079365079365079,1,0.0,0.0,0.0
validation,PMC,Technical-form / other,CogAlign,42,126,18,14.285714285714286,5.376344086021505,24.074074074074073,1,6.349206349206349,1.6260162601626018,12.380952380952381
validation,PMC,Technical-form / other,ET-ATT,42,126,17,13.492063492063492,4.545454545454546,23.932291666666657,1,5.555555555555555,0.7936507936507936,11.594202898550725
